model_id,display_name,provider,market_status,serving_mode,server_country,server_country_status,server_country_source,server_country_source_url,estimation_country_code,estimation_country_status,estimation_country_source,estimation_country_source_url,active_parameters_billion,total_parameters_billion,parameter_value_status,parameter_confidence,parameter_source,parameter_source_url,notes,input_modalities,output_modalities,context_window_tokens,max_output_tokens,vision_support,architecture_notes,modalities_source,modalities_source_url,context_source,context_source_url,architecture_source,architecture_source_url,release_date,release_source,release_source_url,screening_method_id,screening_reference_anchor,screening_effective_active_parameters_billion_low,screening_effective_active_parameters_billion_central,screening_effective_active_parameters_billion_high,screening_per_request_energy_wh_low,screening_per_request_energy_wh_central,screening_per_request_energy_wh_high,screening_per_request_carbon_gco2e_low,screening_per_request_carbon_gco2e_central,screening_per_request_carbon_gco2e_high,screening_per_hour_energy_wh_low,screening_per_hour_energy_wh_central,screening_per_hour_energy_wh_high,screening_per_hour_carbon_gco2e_low,screening_per_hour_carbon_gco2e_central,screening_per_hour_carbon_gco2e_high,screening_notes,training_tokens_estimate_trillion,training_tokens_status,training_tokens_source,training_tokens_source_url,training_regime,training_regime_status,training_regime_source,training_regime_source_url,training_multimodal,training_multimodal_source,training_multimodal_source_url,training_hardware_class_proxy,training_hardware_source,training_hardware_source_url,training_multifactor_method_id,training_multifactor_anchor,training_f_params_low,training_f_params_central,training_f_params_high,training_f_tokens_low,training_f_tokens_central,training_f_tokens_high,training_f_regime_low,training_f_regime_central,training_f_regime_high,training_f_arch_low,training_f_arch_central,training_f_arch_high,training_f_hardware_low,training_f_hardware_central,training_f_hardware_high,training_energy_wh_low,training_energy_wh_central,training_energy_wh_high,training_carbon_tco2e_low,training_carbon_tco2e_central,training_carbon_tco2e_high,training_multifactor_notes
gpt-5.2,GPT-5.2,openai,api,closed,United States or Europe,multi_region,OpenAI data residency and models documentation,https://platform.openai.com/docs/models,US,screening_proxy,Project screening proxy when exact serving country is not publicly specified,,1800,1800,observed,low,Alan D. Thompson GPT-5 estimate (~300B),https://lifearchitect.ai/gpt-5/,Family-level estimate applied to GPT-5.2 because OpenAI does not publish a separate parameter count for this revision.,"text,image",text,400000,128000,yes,Closed model; official docs expose capabilities and token limits but not architecture details or parameter count.,GPT-5.2 Model | OpenAI API,https://developers.openai.com/api/docs/models/gpt-5.2,GPT-5.2 Model | OpenAI API,https://developers.openai.com/api/docs/models/gpt-5.2,GPT-5.2 Model | OpenAI API,https://developers.openai.com/api/docs/models/gpt-5.2,2025-12-11,Introducing GPT-5.2 | OpenAI,https://openai.com/index/introducing-gpt-5-2/,market_multifactor_prompt_proxy_v1,Elsworth et al. (2025) Gemini Apps median prompt = 0.24 Wh/prompt,2105.1862,2380.5817,2702.8316,1.9410,2.7897,4.1265,0.7473,1.0740,1.5887,67.1586,96.5236,142.7769,25.8566,37.1604,54.9690,"Proxy de screening en énergie par prompt calibré sur Elsworth et al. (2025), puis ajusté par les paramètres actifs effectifs, les hypothèses de service, l’overhead d’architecture et un volume de tokens pondéré.",6.0000,screening_prior,Project screening prior (20 training tokens per retained parameter),,pretraining,screening_prior,Project screening prior (foundation-model pretraining default),,yes,GPT-5.2 Model | OpenAI API,https://developers.openai.com/api/docs/models/gpt-5.2,modern_hyperscale_gpu,Project screening prior from market status and serving mode,,training_multifactor_proxy_v1,Transformer (big) (strubell2019_co2_transformer_big); BLOOM 176B (luccioni2023_bloom_dynamic); BLOOM 176B (luccioni2023_bloom_extended),0.8500,1.0000,1.1500,0.7000,1.0000,1.2000,0.8000,1.0000,1.2000,1.0500,1.1500,1.3500,0.8000,0.9000,1.0000,21948364315.3180,931546787366.4569,23820741381604.3711,75722.7962,832521.3575,9173224.9989,"Central estimate = literature training anchor scaled by retained parameter count, training-token prior, training regime, architecture profile, and hardware-class proxy. Low/high values widen exponents and contextual factors."
gpt-5.2-pro,GPT-5.2-pro,openai,api,closed,United States or Europe,multi_region,OpenAI data residency and models documentation,https://platform.openai.com/docs/models,US,screening_proxy,Project screening proxy when exact serving country is not publicly specified,,1800,1800,observed,low,Alan D. Thompson GPT-5 estimate (~300B),https://lifearchitect.ai/gpt-5/,Family-level estimate applied to GPT-5.2-pro because OpenAI does not publish a separate parameter count for this revision.,"text,image",text,400000,128000,yes,Closed model; official docs expose capabilities and token limits but not architecture details or parameter count.,GPT-5.2 pro Model | OpenAI API,https://developers.openai.com/api/docs/models/gpt-5.2-pro,GPT-5.2 pro Model | OpenAI API,https://developers.openai.com/api/docs/models/gpt-5.2-pro,GPT-5.2 pro Model | OpenAI API,https://developers.openai.com/api/docs/models/gpt-5.2-pro,2025-12-11,Introducing GPT-5.2 | OpenAI,https://openai.com/index/introducing-gpt-5-2/,market_multifactor_prompt_proxy_v1,Elsworth et al. (2025) Gemini Apps median prompt = 0.24 Wh/prompt,2105.1862,2380.5817,2702.8316,1.9410,2.7897,4.1265,0.7473,1.0740,1.5887,67.1586,96.5236,142.7769,25.8566,37.1604,54.9690,"Proxy de screening en énergie par prompt calibré sur Elsworth et al. (2025), puis ajusté par les paramètres actifs effectifs, les hypothèses de service, l’overhead d’architecture et un volume de tokens pondéré.",6.0000,screening_prior,Project screening prior (20 training tokens per retained parameter),,pretraining,screening_prior,Project screening prior (foundation-model pretraining default),,yes,GPT-5.2 pro Model | OpenAI API,https://developers.openai.com/api/docs/models/gpt-5.2-pro,modern_hyperscale_gpu,Project screening prior from market status and serving mode,,training_multifactor_proxy_v1,Transformer (big) (strubell2019_co2_transformer_big); BLOOM 176B (luccioni2023_bloom_dynamic); BLOOM 176B (luccioni2023_bloom_extended),0.8500,1.0000,1.1500,0.7000,1.0000,1.2000,0.8000,1.0000,1.2000,1.0500,1.1500,1.3500,0.8000,0.9000,1.0000,21948364315.3180,931546787366.4569,23820741381604.3711,75722.7962,832521.3575,9173224.9989,"Central estimate = literature training anchor scaled by retained parameter count, training-token prior, training regime, architecture profile, and hardware-class proxy. Low/high values widen exponents and contextual factors."
gpt-5-mini,GPT-5 mini,openai,api,closed,United States or Europe,multi_region,OpenAI data residency and models documentation,https://platform.openai.com/docs/models,US,screening_proxy,Project screening proxy when exact serving country is not publicly specified,,95,95,estimated,low,Artificial Analysis size class for GPT-5 mini (medium = 40B–150B); midpoint used as screening estimate,https://artificialanalysis.ai/models/gpt-5-mini-medium,Derived midpoint estimate from the model's documented medium size class because OpenAI does not publish the parameter count.,"text,image",text,400000,128000,yes,Closed model; official docs expose capabilities and token limits but not architecture details or parameter count.,GPT-5 mini Model | OpenAI API,https://developers.openai.com/api/docs/models/gpt-5-mini,GPT-5 mini Model | OpenAI API,https://developers.openai.com/api/docs/models/gpt-5-mini,GPT-5 mini Model | OpenAI API,https://developers.openai.com/api/docs/models/gpt-5-mini,2025-08-07,Introducing GPT-5 for developers | OpenAI,https://openai.com/index/introducing-gpt-5-for-developers/,market_multifactor_prompt_proxy_v1,Elsworth et al. (2025) Gemini Apps median prompt = 0.24 Wh/prompt,111.1071,125.6418,142.6494,0.1593,0.1706,0.1880,0.0613,0.0657,0.0724,5.5118,5.9028,6.5048,2.1210,2.2732,2.5050,"Proxy de screening en énergie par prompt calibré sur Elsworth et al. (2025), puis ajusté par les paramètres actifs effectifs, les hypothèses de service, l’overhead d’architecture et un volume de tokens pondéré.",1.9000,screening_prior,Project screening prior (20 training tokens per retained parameter),,pretraining,screening_prior,Project screening prior (foundation-model pretraining default),,yes,GPT-5 mini Model | OpenAI API,https://developers.openai.com/api/docs/models/gpt-5-mini,modern_hyperscale_gpu,Project screening prior from market status and serving mode,,training_multifactor_proxy_v1,Transformer (big) (strubell2019_co2_transformer_big); BLOOM 176B (luccioni2023_bloom_dynamic); BLOOM 176B (luccioni2023_bloom_extended),0.8500,1.0000,1.1500,0.7000,1.0000,1.2000,0.8000,1.0000,1.2000,1.0500,1.1500,1.3500,0.8000,0.9000,1.0000,805206442.2028,15568906955.5227,203468348460.3965,2777.9967,13913.8986,78354.4437,"Central estimate = literature training anchor scaled by retained parameter count, training-token prior, training regime, architecture profile, and hardware-class proxy. Low/high values widen exponents and contextual factors."
gpt-5-nano,GPT-5 nano,openai,api,closed,United States or Europe,multi_region,OpenAI data residency and models documentation,https://platform.openai.com/docs/models,US,screening_proxy,Project screening proxy when exact serving country is not publicly specified,,95,95,estimated,low,Artificial Analysis size class for GPT-5 nano (medium = 40B–150B); midpoint used as screening estimate,https://artificialanalysis.ai/models/gpt-5-nano-medium,Derived midpoint estimate from the model's documented medium size class because OpenAI does not publish the parameter count.,"text,image",text,400000,128000,yes,Closed model; official docs expose capabilities and token limits but not architecture details or parameter count.,GPT-5 nano Model | OpenAI API,https://developers.openai.com/api/docs/models/gpt-5-nano,GPT-5 nano Model | OpenAI API,https://developers.openai.com/api/docs/models/gpt-5-nano,GPT-5 nano Model | OpenAI API,https://developers.openai.com/api/docs/models/gpt-5-nano,2025-08-07,Introducing GPT-5 for developers | OpenAI,https://openai.com/index/introducing-gpt-5-for-developers/,market_multifactor_prompt_proxy_v1,Elsworth et al. (2025) Gemini Apps median prompt = 0.24 Wh/prompt,111.1071,125.6418,142.6494,0.1593,0.1706,0.1880,0.0613,0.0657,0.0724,5.5118,5.9028,6.5048,2.1210,2.2732,2.5050,"Proxy de screening en énergie par prompt calibré sur Elsworth et al. (2025), puis ajusté par les paramètres actifs effectifs, les hypothèses de service, l’overhead d’architecture et un volume de tokens pondéré.",1.9000,screening_prior,Project screening prior (20 training tokens per retained parameter),,pretraining,screening_prior,Project screening prior (foundation-model pretraining default),,yes,GPT-5 nano Model | OpenAI API,https://developers.openai.com/api/docs/models/gpt-5-nano,modern_hyperscale_gpu,Project screening prior from market status and serving mode,,training_multifactor_proxy_v1,Transformer (big) (strubell2019_co2_transformer_big); BLOOM 176B (luccioni2023_bloom_dynamic); BLOOM 176B (luccioni2023_bloom_extended),0.8500,1.0000,1.1500,0.7000,1.0000,1.2000,0.8000,1.0000,1.2000,1.0500,1.1500,1.3500,0.8000,0.9000,1.0000,805206442.2028,15568906955.5227,203468348460.3965,2777.9967,13913.8986,78354.4437,"Central estimate = literature training anchor scaled by retained parameter count, training-token prior, training regime, architecture profile, and hardware-class proxy. Low/high values widen exponents and contextual factors."
gpt-oss-120b,GPT-OSS 120B,openai,open_weight,open,Variable by host,self_hosted_variable,OpenAI models documentation,https://platform.openai.com/docs/models,US,comparative_reference,Project reference country for comparable inference estimates,,5.1,117,observed,high,gpt-oss-120b Model | OpenAI API,https://developers.openai.com/api/docs/models/gpt-oss-120b,Open-weight model; emissions depend on deployment location.,text,text,131072,131072,no,Open-weight MoE model; OpenAI docs state 117B total parameters with 5.1B active parameters per token.,gpt-oss-120b Model | OpenAI API,https://developers.openai.com/api/docs/models/gpt-oss-120b,gpt-oss-120b Model | OpenAI API,https://developers.openai.com/api/docs/models/gpt-oss-120b,gpt-oss-120b Model | OpenAI API,https://developers.openai.com/api/docs/models/gpt-oss-120b,2025-08-05,Introducing gpt-oss | OpenAI,https://openai.com/index/introducing-gpt-oss/,market_multifactor_prompt_proxy_v1,Elsworth et al. (2025) Gemini Apps median prompt = 0.24 Wh/prompt,6.2629,7.4302,8.8258,0.0101,0.0116,0.0138,0.0039,0.0045,0.0053,0.3495,0.4014,0.4775,0.1349,0.1557,0.1834,"Proxy de screening en énergie par prompt calibré sur Elsworth et al. (2025), puis ajusté par les paramètres actifs effectifs, les hypothèses de service, l’overhead d’architecture et un volume de tokens pondéré.",2.3400,screening_prior,Project screening prior (20 training tokens per retained parameter),,pretraining,screening_prior,Project screening prior (foundation-model pretraining default),,no,gpt-oss-120b Model | OpenAI API,https://developers.openai.com/api/docs/models/gpt-oss-120b,standard_gpu_cluster,Project screening prior from market status and serving mode,,training_multifactor_proxy_v1,Transformer (big) (strubell2019_co2_transformer_big); BLOOM 176B (luccioni2023_bloom_dynamic); BLOOM 176B (luccioni2023_bloom_extended),0.8500,1.0000,1.1500,0.7000,1.0000,1.2000,0.8000,1.0000,1.2000,0.7000,0.9000,1.1000,0.9500,1.0500,1.1500,880371748.9491,21561257924.1101,311056957409.7158,3037.3202,19269.2498,119786.1734,"Central estimate = literature training anchor scaled by retained parameter count, training-token prior, training regime, architecture profile, and hardware-class proxy. Low/high values widen exponents and contextual factors."
gpt-oss-20b,GPT-OSS 20B,openai,open_weight,open,Variable by host,self_hosted_variable,OpenAI models documentation,https://platform.openai.com/docs/models,US,comparative_reference,Project reference country for comparable inference estimates,,3.6,21,observed,high,gpt-oss-20b Model | OpenAI API,https://developers.openai.com/api/docs/models/gpt-oss-20b,Open-weight model; emissions depend on deployment location.,text,text,131072,131072,no,Open-weight MoE model; OpenAI docs state 21B total parameters with 3.6B active parameters per token.,gpt-oss-20b Model | OpenAI API,https://developers.openai.com/api/docs/models/gpt-oss-20b,gpt-oss-20b Model | OpenAI API,https://developers.openai.com/api/docs/models/gpt-oss-20b,gpt-oss-20b Model | OpenAI API,https://developers.openai.com/api/docs/models/gpt-oss-20b,2025-08-05,Introducing gpt-oss | OpenAI,https://openai.com/index/introducing-gpt-oss/,market_multifactor_prompt_proxy_v1,Elsworth et al. (2025) Gemini Apps median prompt = 0.24 Wh/prompt,4.1250,4.6361,5.2724,0.0059,0.0074,0.0097,0.0023,0.0029,0.0037,0.2041,0.2560,0.3356,0.0796,0.1003,0.1280,"Proxy de screening en énergie par prompt calibré sur Elsworth et al. (2025), puis ajusté par les paramètres actifs effectifs, les hypothèses de service, l’overhead d’architecture et un volume de tokens pondéré.",0.4200,screening_prior,Project screening prior (20 training tokens per retained parameter),,pretraining,screening_prior,Project screening prior (foundation-model pretraining default),,no,gpt-oss-20b Model | OpenAI API,https://developers.openai.com/api/docs/models/gpt-oss-20b,standard_gpu_cluster,Project screening prior from market status and serving mode,,training_multifactor_proxy_v1,Transformer (big) (strubell2019_co2_transformer_big); BLOOM 176B (luccioni2023_bloom_dynamic); BLOOM 176B (luccioni2023_bloom_extended),0.8500,1.0000,1.1500,0.7000,1.0000,1.2000,0.8000,1.0000,1.2000,0.7000,0.9000,1.1000,0.9500,1.0500,1.1500,61435290.8630,694609887.1015,5493112419.3612,211.9544,620.7714,2115.3647,"Central estimate = literature training anchor scaled by retained parameter count, training-token prior, training regime, architecture profile, and hardware-class proxy. Low/high values widen exponents and contextual factors."
claude-opus-4.1,Claude Opus 4.1,anthropic,api,closed,Not publicly specified,non_specified,Anthropic models overview,https://docs.anthropic.com/en/docs/about-claude/models/overview,US,screening_proxy,Project screening proxy when exact serving country is not publicly specified,,2000,2000,estimated,low,Alan D. Thompson Models Table estimate for Claude Opus 4.1 (2T),https://lifearchitect.ai/models-table/,Third-party estimate; Anthropic does not publish model size.,"text,image",text,200000,32000,yes,Closed model; Anthropic documents multimodal support and token limits but does not publish architecture details or parameter count.,Models overview - Claude API Docs,https://platform.claude.com/docs/en/about-claude/models/overview,Models overview - Claude API Docs,https://platform.claude.com/docs/en/about-claude/models/overview,Models overview - Claude API Docs,https://platform.claude.com/docs/en/about-claude/models/overview,2025-08-05,Claude Opus 4.1 | Anthropic,https://www.anthropic.com/news/claude-opus-4-1,market_multifactor_prompt_proxy_v1,Elsworth et al. (2025) Gemini Apps median prompt = 0.24 Wh/prompt,2295.4638,2562.8968,2875.9463,2.0891,2.9922,4.4045,0.8043,1.1520,1.6957,72.2829,103.5301,152.3957,27.8288,39.8592,58.6712,"Proxy de screening en énergie par prompt calibré sur Elsworth et al. (2025), puis ajusté par les paramètres actifs effectifs, les hypothèses de service, l’overhead d’architecture et un volume de tokens pondéré.",40.0000,screening_prior,Project screening prior (20 training tokens per retained parameter),,pretraining,screening_prior,Project screening prior (foundation-model pretraining default),,yes,Models overview - Claude API Docs,https://platform.claude.com/docs/en/about-claude/models/overview,modern_hyperscale_gpu,Project screening prior from market status and serving mode,,training_multifactor_proxy_v1,Transformer (big) (strubell2019_co2_transformer_big); BLOOM 176B (luccioni2023_bloom_dynamic); BLOOM 176B (luccioni2023_bloom_extended),0.8500,1.0000,1.1500,0.7000,1.0000,1.2000,0.8000,1.0000,1.2000,1.0500,1.1500,1.3500,0.8000,0.9000,1.0000,90579964463.7882,6900346573084.8662,261979239650139.8438,312504.7539,6166824.8704,100886637.9035,"Central estimate = literature training anchor scaled by retained parameter count, training-token prior, training regime, architecture profile, and hardware-class proxy. Low/high values widen exponents and contextual factors."
claude-sonnet-4,Claude Sonnet 4,anthropic,api,closed,Not publicly specified,non_specified,Anthropic models overview,https://docs.anthropic.com/en/docs/about-claude/models/overview,US,screening_proxy,Project screening proxy when exact serving country is not publicly specified,,400,400,estimated,low,Alan D. Thompson Models Table estimate for Claude Sonnet 4.5 (400B) used as family proxy,https://lifearchitect.ai/models-table/,Family proxy used because a separate published estimate for Claude Sonnet 4 was not found.,"text,image",text,200000,64000,yes,Closed model; Anthropic documents multimodal support and token limits but does not publish architecture details or parameter count.,Models overview - Claude API Docs,https://platform.claude.com/docs/en/about-claude/models/overview,Models overview - Claude API Docs,https://platform.claude.com/docs/en/about-claude/models/overview,Models overview - Claude API Docs,https://platform.claude.com/docs/en/about-claude/models/overview,2025-05-22,Claude Sonnet product page | Anthropic,https://www.anthropic.com/claude/sonnet,market_multifactor_prompt_proxy_v1,Elsworth et al. (2025) Gemini Apps median prompt = 0.24 Wh/prompt,459.0928,512.5794,575.1893,0.5319,0.6486,0.8128,0.2048,0.2497,0.3129,18.4037,22.4416,28.1229,7.0861,8.6396,10.8263,"Proxy de screening en énergie par prompt calibré sur Elsworth et al. (2025), puis ajusté par les paramètres actifs effectifs, les hypothèses de service, l’overhead d’architecture et un volume de tokens pondéré.",8.0000,screening_prior,Project screening prior (20 training tokens per retained parameter),,pretraining,screening_prior,Project screening prior (foundation-model pretraining default),,yes,Models overview - Claude API Docs,https://platform.claude.com/docs/en/about-claude/models/overview,modern_hyperscale_gpu,Project screening prior from market status and serving mode,,training_multifactor_proxy_v1,Transformer (big) (strubell2019_co2_transformer_big); BLOOM 176B (luccioni2023_bloom_dynamic); BLOOM 176B (luccioni2023_bloom_extended),0.8500,1.0000,1.1500,0.7000,1.0000,1.2000,0.8000,1.0000,1.2000,1.0500,1.1500,1.3500,0.8000,0.9000,1.0000,7475300218.9212,276013862923.3946,5966056571862.9834,25790.1057,246672.9948,2297492.6940,"Central estimate = literature training anchor scaled by retained parameter count, training-token prior, training regime, architecture profile, and hardware-class proxy. Low/high values widen exponents and contextual factors."
claude-3.5-sonnet,Claude 3.5 Sonnet,anthropic,api,closed,Not publicly specified,non_specified,Anthropic Claude 3.5 Sonnet announcement,https://www.anthropic.com/news/claude-3-5-sonnet,US,screening_proxy,Project screening proxy when exact serving country is not publicly specified,,175,175,estimated,low,Claude 3.7 Sonnet external estimate reused as a family proxy for Claude 3.5 Sonnet,https://lifearchitect.ai/models-table/,Anthropic documents the model but does not publish a parameter count; the project reuses the closest available Sonnet-family estimate for screening-level extrapolation.,"text,image",text,200000,8192,yes,Closed model; Anthropic documents multimodal support and token limits but does not publish architecture details or parameter count.,Models overview - Claude API Docs,https://platform.claude.com/docs/en/about-claude/models/overview,Models overview - Claude API Docs,https://platform.claude.com/docs/en/about-claude/models/overview,Models overview - Claude API Docs,https://platform.claude.com/docs/en/about-claude/models/overview,2024-10-22,"Introducing computer use, a new Claude 3.5 Sonnet, and Claude 3.5 Haiku | Anthropic",https://www.anthropic.com/news/3-5-models-and-computer-use/,market_multifactor_prompt_proxy_v1,Elsworth et al. (2025) Gemini Apps median prompt = 0.24 Wh/prompt,200.8531,224.2535,251.6453,0.2634,0.2957,0.3412,0.1014,0.1139,0.1314,9.1136,10.2312,11.8055,3.5084,3.9409,4.5464,"Proxy de screening en énergie par prompt calibré sur Elsworth et al. (2025), puis ajusté par les paramètres actifs effectifs, les hypothèses de service, l’overhead d’architecture et un volume de tokens pondéré.",3.5000,screening_prior,Project screening prior (20 training tokens per retained parameter),,pretraining,screening_prior,Project screening prior (foundation-model pretraining default),,yes,Models overview - Claude API Docs,https://platform.claude.com/docs/en/about-claude/models/overview,modern_hyperscale_gpu,Project screening prior from market status and serving mode,,training_multifactor_proxy_v1,Transformer (big) (strubell2019_co2_transformer_big); BLOOM 176B (luccioni2023_bloom_dynamic); BLOOM 176B (luccioni2023_bloom_extended),0.8500,1.0000,1.1500,0.7000,1.0000,1.2000,0.8000,1.0000,1.2000,1.0500,1.1500,1.3500,0.8000,0.9000,1.0000,2075604617.3626,52830778450.1810,855038759299.6974,7160.9248,47214.7529,329270.3110,"Central estimate = literature training anchor scaled by retained parameter count, training-token prior, training regime, architecture profile, and hardware-class proxy. Low/high values widen exponents and contextual factors."
claude-3.7-sonnet,Claude 3.7 Sonnet,anthropic,api,closed,Not publicly specified,non_specified,Anthropic models overview,https://docs.anthropic.com/en/docs/about-claude/models/overview,US,screening_proxy,Project screening proxy when exact serving country is not publicly specified,,175,175,estimated,low,Alan D. Thompson Models Table estimate for Claude 3.7 Sonnet (175B),https://lifearchitect.ai/models-table/,Third-party estimate; Anthropic does not publish model size.,"text,image",text,200000,64000,yes,Closed model; Anthropic documents multimodal support and token limits but does not publish architecture details or parameter count.,Models overview - Claude API Docs,https://platform.claude.com/docs/en/about-claude/models/overview,Models overview - Claude API Docs,https://platform.claude.com/docs/en/about-claude/models/overview,Models overview - Claude API Docs,https://platform.claude.com/docs/en/about-claude/models/overview,2025-02-24,Claude 3.7 Sonnet and Claude Code | Anthropic,https://www.anthropic.com/news/claude-3-7-sonnet/,market_multifactor_prompt_proxy_v1,Elsworth et al. (2025) Gemini Apps median prompt = 0.24 Wh/prompt,200.8531,224.2535,251.6453,0.2634,0.2957,0.3412,0.1014,0.1139,0.1314,9.1136,10.2312,11.8055,3.5084,3.9409,4.5464,"Proxy de screening en énergie par prompt calibré sur Elsworth et al. (2025), puis ajusté par les paramètres actifs effectifs, les hypothèses de service, l’overhead d’architecture et un volume de tokens pondéré.",3.5000,screening_prior,Project screening prior (20 training tokens per retained parameter),,pretraining,screening_prior,Project screening prior (foundation-model pretraining default),,yes,Models overview - Claude API Docs,https://platform.claude.com/docs/en/about-claude/models/overview,modern_hyperscale_gpu,Project screening prior from market status and serving mode,,training_multifactor_proxy_v1,Transformer (big) (strubell2019_co2_transformer_big); BLOOM 176B (luccioni2023_bloom_dynamic); BLOOM 176B (luccioni2023_bloom_extended),0.8500,1.0000,1.1500,0.7000,1.0000,1.2000,0.8000,1.0000,1.2000,1.0500,1.1500,1.3500,0.8000,0.9000,1.0000,2075604617.3626,52830778450.1810,855038759299.6974,7160.9248,47214.7529,329270.3110,"Central estimate = literature training anchor scaled by retained parameter count, training-token prior, training regime, architecture profile, and hardware-class proxy. Low/high values widen exponents and contextual factors."
claude-3.5-haiku,Claude 3.5 Haiku,anthropic,api,closed,Not publicly specified,non_specified,Anthropic models overview,https://docs.anthropic.com/en/docs/about-claude/models/overview,US,screening_proxy,Project screening proxy when exact serving country is not publicly specified,,22,22,estimated,low,Artificial Analysis size taxonomy for proprietary/open-weight classes; small class midpoint (4B–40B) used as screening estimate,https://artificialanalysis.ai/models/claude-3-5-haiku,Derived midpoint estimate because Anthropic does not publish the parameter count and no more specific external estimate was found.,"text,image",text,200000,8192,yes,Closed model; Anthropic documents multimodal support and token limits but does not publish architecture details or parameter count.,Models overview - Claude API Docs,https://platform.claude.com/docs/en/about-claude/models/overview,Models overview - Claude API Docs,https://platform.claude.com/docs/en/about-claude/models/overview,Models overview - Claude API Docs,https://platform.claude.com/docs/en/about-claude/models/overview,2024-10-22,"Introducing computer use, a new Claude 3.5 Sonnet, and Claude 3.5 Haiku | Anthropic",https://www.anthropic.com/news/3-5-models-and-computer-use/,market_multifactor_prompt_proxy_v1,Elsworth et al. (2025) Gemini Apps median prompt = 0.24 Wh/prompt,25.2501,28.1919,31.6354,0.0387,0.0412,0.0452,0.0149,0.0159,0.0174,1.3390,1.4255,1.5639,0.5155,0.5501,0.6020,"Proxy de screening en énergie par prompt calibré sur Elsworth et al. (2025), puis ajusté par les paramètres actifs effectifs, les hypothèses de service, l’overhead d’architecture et un volume de tokens pondéré.",0.4400,screening_prior,Project screening prior (20 training tokens per retained parameter),,pretraining,screening_prior,Project screening prior (foundation-model pretraining default),,yes,Models overview - Claude API Docs,https://platform.claude.com/docs/en/about-claude/models/overview,modern_hyperscale_gpu,Project screening prior from market status and serving mode,,training_multifactor_proxy_v1,Transformer (big) (strubell2019_co2_transformer_big); BLOOM 176B (luccioni2023_bloom_dynamic); BLOOM 176B (luccioni2023_bloom_extended),0.8500,1.0000,1.1500,0.7000,1.0000,1.2000,0.8000,1.0000,1.2000,1.0500,1.1500,1.3500,0.8000,0.9000,1.0000,83404754.4227,834941935.3433,6539426870.1499,287.7500,746.1858,2518.2942,"Central estimate = literature training anchor scaled by retained parameter count, training-token prior, training regime, architecture profile, and hardware-class proxy. Low/high values widen exponents and contextual factors."
gemini-2.5-pro,Gemini 2.5 Pro,google,api,closed,Global multi-region,multi_region,Gemini API model documentation,https://ai.google.dev/gemini-api/docs/models,US,screening_proxy,Project screening proxy when exact serving country is not publicly specified,,200,200,estimated,low,Alan D. Thompson Models Table estimate for Gemini 2.5 Pro (200B),https://lifearchitect.ai/models-table/,Third-party estimate; Google does not publish a parameter count for Gemini 2.5 Pro.,"text,image,audio,video,pdf",text,1048576,65536,yes,Closed multimodal model; Google documents token limits and modalities but not architecture details or parameter count.,Gemini models | Gemini API,https://ai.google.dev/gemini-api/docs/models,Gemini models | Gemini API,https://ai.google.dev/gemini-api/docs/models,Gemini models | Gemini API,https://ai.google.dev/gemini-api/docs/models,,,,market_multifactor_prompt_proxy_v1,Elsworth et al. (2025) Gemini Apps median prompt = 0.24 Wh/prompt,239.9760,275.9370,318.0000,0.3065,0.3601,0.4362,0.1180,0.1387,0.1680,10.6049,12.4595,15.0925,4.0828,4.7990,5.8128,"Proxy de screening en énergie par prompt calibré sur Elsworth et al. (2025), puis ajusté par les paramètres actifs effectifs, les hypothèses de service, l’overhead d’architecture et un volume de tokens pondéré.",4.0000,screening_prior,Project screening prior (20 training tokens per retained parameter),,pretraining,screening_prior,Project screening prior (foundation-model pretraining default),,yes,Gemini models | Gemini API,https://ai.google.dev/gemini-api/docs/models,modern_hyperscale_gpu,Project screening prior from market status and serving mode,,training_multifactor_proxy_v1,Transformer (big) (strubell2019_co2_transformer_big); BLOOM 176B (luccioni2023_bloom_dynamic); BLOOM 176B (luccioni2023_bloom_extended),0.8500,1.0000,1.1500,0.7000,1.0000,1.2000,0.8000,1.0000,1.2000,1.0500,1.1500,1.3500,0.8000,0.9000,1.0000,2552890257.5928,69003465730.8486,1170218278359.0249,8807.5806,61668.2487,450644.0582,"Central estimate = literature training anchor scaled by retained parameter count, training-token prior, training regime, architecture profile, and hardware-class proxy. Low/high values widen exponents and contextual factors."
gemini-2.5-flash,Gemini 2.5 Flash,google,api,closed,Global multi-region,multi_region,Gemini API model documentation,https://ai.google.dev/gemini-api/docs/models,US,screening_proxy,Project screening proxy when exact serving country is not publicly specified,,80,80,estimated,low,Alan D. Thompson Models Table estimate for Gemini 2.5 Flash Preview (80B),https://lifearchitect.ai/models-table/,Family proxy used from the closest published Gemini 2.5 Flash estimate.,"text,image,audio,video",text,1048576,65536,yes,Closed multimodal model; Google documents token limits and modalities but not architecture details or parameter count.,Gemini models | Gemini API,https://ai.google.dev/gemini-api/docs/models,Gemini models | Gemini API,https://ai.google.dev/gemini-api/docs/models,Gemini models | Gemini API,https://ai.google.dev/gemini-api/docs/models,,,,market_multifactor_prompt_proxy_v1,Elsworth et al. (2025) Gemini Apps median prompt = 0.24 Wh/prompt,95.9904,110.3748,127.2000,0.1406,0.1508,0.1667,0.0541,0.0581,0.0642,4.8648,5.2177,5.7678,1.8719,2.0103,2.2213,"Proxy de screening en énergie par prompt calibré sur Elsworth et al. (2025), puis ajusté par les paramètres actifs effectifs, les hypothèses de service, l’overhead d’architecture et un volume de tokens pondéré.",1.6000,screening_prior,Project screening prior (20 training tokens per retained parameter),,pretraining,screening_prior,Project screening prior (foundation-model pretraining default),,yes,Gemini models | Gemini API,https://ai.google.dev/gemini-api/docs/models,modern_hyperscale_gpu,Project screening prior from market status and serving mode,,training_multifactor_proxy_v1,Transformer (big) (strubell2019_co2_transformer_big); BLOOM 176B (luccioni2023_bloom_dynamic); BLOOM 176B (luccioni2023_bloom_extended),0.8500,1.0000,1.1500,0.7000,1.0000,1.2000,0.8000,1.0000,1.2000,1.0500,1.1500,1.3500,0.8000,0.9000,1.0000,616914719.4283,11040554516.9358,135865082539.3771,2128.3822,9866.9198,52320.8305,"Central estimate = literature training anchor scaled by retained parameter count, training-token prior, training regime, architecture profile, and hardware-class proxy. Low/high values widen exponents and contextual factors."
gemini-2.5-flash-lite,Gemini 2.5 Flash-Lite,google,api,closed,Global multi-region,multi_region,Gemini API model documentation,https://ai.google.dev/gemini-api/docs/models,US,screening_proxy,Project screening proxy when exact serving country is not publicly specified,,30,30,estimated,low,Gemini 2.0 Flash exp estimate (30B) used as family proxy for Flash-Lite,https://lifearchitect.ai/models-table/,Family proxy used because a specific public parameter estimate for Gemini 2.5 Flash-Lite was not found.,"text,image,audio,video,pdf",text,1048576,65536,yes,Closed multimodal model; Google documents token limits and modalities but not architecture details or parameter count.,Gemini models | Gemini API,https://ai.google.dev/gemini-api/docs/models,Gemini models | Gemini API,https://ai.google.dev/gemini-api/docs/models,Gemini models | Gemini API,https://ai.google.dev/gemini-api/docs/models,,,,market_multifactor_prompt_proxy_v1,Elsworth et al. (2025) Gemini Apps median prompt = 0.24 Wh/prompt,35.9964,41.3905,47.7000,0.0594,0.0594,0.0611,0.0229,0.0229,0.0235,2.0552,2.0552,2.1141,0.7923,0.7923,0.8131,"Proxy de screening en énergie par prompt calibré sur Elsworth et al. (2025), puis ajusté par les paramètres actifs effectifs, les hypothèses de service, l’overhead d’architecture et un volume de tokens pondéré.",0.6000,screening_prior,Project screening prior (20 training tokens per retained parameter),,pretraining,screening_prior,Project screening prior (foundation-model pretraining default),,yes,Gemini models | Gemini API,https://ai.google.dev/gemini-api/docs/models,modern_hyperscale_gpu,Project screening prior from market status and serving mode,,training_multifactor_proxy_v1,Transformer (big) (strubell2019_co2_transformer_big); BLOOM 176B (luccioni2023_bloom_dynamic); BLOOM 176B (luccioni2023_bloom_extended),0.8500,1.0000,1.1500,0.7000,1.0000,1.2000,0.8000,1.0000,1.2000,1.0500,1.1500,1.3500,0.8000,0.9000,1.0000,134888087.6235,1552577978.9441,13554432405.1878,465.3697,1387.5356,5219.7308,"Central estimate = literature training anchor scaled by retained parameter count, training-token prior, training regime, architecture profile, and hardware-class proxy. Low/high values widen exponents and contextual factors."
gemini-2.0-flash,Gemini 2.0 Flash,google,api,closed,Global multi-region,multi_region,Gemini API model documentation,https://ai.google.dev/gemini-api/docs/models,US,screening_proxy,Project screening proxy when exact serving country is not publicly specified,,30,30,estimated,low,Alan D. Thompson Models Table estimate for Gemini 2.0 Flash exp (30B),https://lifearchitect.ai/models-table/,Third-party estimate; Google does not publish a parameter count for Gemini 2.0 Flash.,"text,image,audio,video",text,1048576,8192,yes,Closed multimodal model; Google documents token limits and modalities but not architecture details or parameter count.,Gemini models | Gemini API,https://ai.google.dev/gemini-api/docs/models,Gemini models | Gemini API,https://ai.google.dev/gemini-api/docs/models,Gemini models | Gemini API,https://ai.google.dev/gemini-api/docs/models,,,,market_multifactor_prompt_proxy_v1,Elsworth et al. (2025) Gemini Apps median prompt = 0.24 Wh/prompt,35.9964,41.3905,47.7000,0.0594,0.0594,0.0611,0.0229,0.0229,0.0235,2.0552,2.0552,2.1141,0.7923,0.7923,0.8131,"Proxy de screening en énergie par prompt calibré sur Elsworth et al. (2025), puis ajusté par les paramètres actifs effectifs, les hypothèses de service, l’overhead d’architecture et un volume de tokens pondéré.",0.6000,screening_prior,Project screening prior (20 training tokens per retained parameter),,pretraining,screening_prior,Project screening prior (foundation-model pretraining default),,yes,Gemini models | Gemini API,https://ai.google.dev/gemini-api/docs/models,modern_hyperscale_gpu,Project screening prior from market status and serving mode,,training_multifactor_proxy_v1,Transformer (big) (strubell2019_co2_transformer_big); BLOOM 176B (luccioni2023_bloom_dynamic); BLOOM 176B (luccioni2023_bloom_extended),0.8500,1.0000,1.1500,0.7000,1.0000,1.2000,0.8000,1.0000,1.2000,1.0500,1.1500,1.3500,0.8000,0.9000,1.0000,134888087.6235,1552577978.9441,13554432405.1878,465.3697,1387.5356,5219.7308,"Central estimate = literature training anchor scaled by retained parameter count, training-token prior, training regime, architecture profile, and hardware-class proxy. Low/high values widen exponents and contextual factors."
grok-4,Grok 4,xai,api,closed,United States or Ireland,documented_multi_region,xAI API regions and models documentation,https://docs.x.ai/docs/models,US,documented_region_proxy,xAI API documented regions include US and Ireland; US retained as reference,https://docs.x.ai/docs/overview#supported-regions,600,600,estimated,low,Alan D. Thompson Models Table estimate for Grok 4 (600B),https://lifearchitect.ai/models-table/,Third-party estimate; xAI does not publish the parameter count.,"text,image",text,2000000,,yes,"Closed reasoning model; xAI documents a 2M-token context window and image understanding tooling, but does not publish architecture details or parameter count.",Models and Pricing | xAI,https://docs.x.ai/developers/models,Models and Pricing | xAI,https://docs.x.ai/developers/models,Models and Pricing | xAI,https://docs.x.ai/developers/models,2025-07-09,Grok 4 | xAI,https://x.ai/news/grok-4/,market_multifactor_prompt_proxy_v1,Elsworth et al. (2025) Gemini Apps median prompt = 0.24 Wh/prompt,746.7643,893.3209,1068.7125,0.8043,1.0994,1.5577,0.3097,0.4233,0.5997,27.8288,38.0392,53.8964,10.7156,14.6462,20.7496,"Proxy de screening en énergie par prompt calibré sur Elsworth et al. (2025), puis ajusté par les paramètres actifs effectifs, les hypothèses de service, l’overhead d’architecture et un volume de tokens pondéré.",12.0000,screening_prior,Project screening prior (20 training tokens per retained parameter),,pretraining,screening_prior,Project screening prior (foundation-model pretraining default),,yes,Models and Pricing | xAI,https://docs.x.ai/developers/models,modern_hyperscale_gpu,Project screening prior from market status and serving mode,,training_multifactor_proxy_v1,Transformer (big) (strubell2019_co2_transformer_big); BLOOM 176B (luccioni2023_bloom_dynamic); BLOOM 176B (luccioni2023_bloom_extended),0.8500,1.0000,1.1500,0.7000,1.0000,1.2000,0.8000,1.0000,1.2000,1.0500,1.1500,1.3500,0.8000,0.9000,1.0000,14014257427.7155,621031191577.6381,15470410082557.1113,48349.7879,555014.2383,5957562.3714,"Central estimate = literature training anchor scaled by retained parameter count, training-token prior, training regime, architecture profile, and hardware-class proxy. Low/high values widen exponents and contextual factors."
llama-3.1-8b,Llama 3.1 8B,meta,open_weight,open,Variable by host,self_hosted_variable,Meta Llama 3.1 model card,https://www.llama.com/docs/model-cards-and-prompt-formats/llama3_1/,US,comparative_reference,Project reference country for comparable inference estimates,,8,8,observed,high,Meta Llama 3.1 model card,https://www.llama.com/docs/model-cards-and-prompt-formats/llama3_1/,Open-weight model; emissions depend on deployment location.,text,"text,code",131072,,no,Open-weight dense transformer with GQA; model card documents a 128k context window and text-only IO.,meta-llama/Llama-3.1 model card,https://huggingface.co/meta-llama/Llama-3.1-8B-Instruct,meta-llama/Llama-3.1 model card,https://huggingface.co/meta-llama/Llama-3.1-8B-Instruct,meta-llama/Llama-3.1 model card,https://huggingface.co/meta-llama/Llama-3.1-8B-Instruct,,,,market_multifactor_prompt_proxy_v1,Elsworth et al. (2025) Gemini Apps median prompt = 0.24 Wh/prompt,8.3200,8.5600,8.9760,0.0103,0.0133,0.0176,0.0040,0.0051,0.0068,0.3564,0.4602,0.6090,0.1384,0.1765,0.2353,"Proxy de screening en énergie par prompt calibré sur Elsworth et al. (2025), puis ajusté par les paramètres actifs effectifs, les hypothèses de service, l’overhead d’architecture et un volume de tokens pondéré.",0.1600,screening_prior,Project screening prior (20 training tokens per retained parameter),,pretraining,screening_prior,Project screening prior (foundation-model pretraining default),,no,meta-llama/Llama-3.1 model card,https://huggingface.co/meta-llama/Llama-3.1-8B-Instruct,standard_gpu_cluster,Project screening prior from market status and serving mode,,training_multifactor_proxy_v1,Transformer (big) (strubell2019_co2_transformer_big); BLOOM 176B (luccioni2023_bloom_dynamic); BLOOM 176B (luccioni2023_bloom_extended),0.8500,1.0000,1.1500,0.7000,1.0000,1.2000,0.8000,1.0000,1.2000,1.0000,1.0000,1.0000,0.9500,1.0500,1.1500,19663890.7086,112005625.5341,516977841.3634,67.8413,100.0992,199.0851,"Central estimate = literature training anchor scaled by retained parameter count, training-token prior, training regime, architecture profile, and hardware-class proxy. Low/high values widen exponents and contextual factors."
llama-3.1-70b,Llama 3.1 70B,meta,open_weight,open,Variable by host,self_hosted_variable,Meta Llama 3.1 model card,https://www.llama.com/docs/model-cards-and-prompt-formats/llama3_1/,US,comparative_reference,Project reference country for comparable inference estimates,,70,70,observed,high,Meta Llama 3.1 model card,https://www.llama.com/docs/model-cards-and-prompt-formats/llama3_1/,Open-weight model; emissions depend on deployment location.,text,"text,code",131072,,no,Open-weight dense transformer with GQA; model card documents a 128k context window and text-only IO.,meta-llama/Llama-3.1 model card,https://huggingface.co/meta-llama/Llama-3.1-70B-Instruct,meta-llama/Llama-3.1 model card,https://huggingface.co/meta-llama/Llama-3.1-70B-Instruct,meta-llama/Llama-3.1 model card,https://huggingface.co/meta-llama/Llama-3.1-70B-Instruct,,,,market_multifactor_prompt_proxy_v1,Elsworth et al. (2025) Gemini Apps median prompt = 0.24 Wh/prompt,72.8000,74.9000,78.5400,0.1005,0.1043,0.1112,0.0387,0.0402,0.0428,3.4773,3.6088,3.8475,1.3390,1.3909,1.4809,"Proxy de screening en énergie par prompt calibré sur Elsworth et al. (2025), puis ajusté par les paramètres actifs effectifs, les hypothèses de service, l’overhead d’architecture et un volume de tokens pondéré.",1.4000,screening_prior,Project screening prior (20 training tokens per retained parameter),,pretraining,screening_prior,Project screening prior (foundation-model pretraining default),,no,meta-llama/Llama-3.1 model card,https://huggingface.co/meta-llama/Llama-3.1-70B-Instruct,standard_gpu_cluster,Project screening prior from market status and serving mode,,training_multifactor_proxy_v1,Transformer (big) (strubell2019_co2_transformer_big); BLOOM 176B (luccioni2023_bloom_dynamic); BLOOM 176B (luccioni2023_bloom_extended),0.8500,1.0000,1.1500,0.7000,1.0000,1.2000,0.8000,1.0000,1.2000,1.0000,1.0000,1.0000,0.9500,1.0500,1.1500,567259703.9012,8575430704.9569,84565038986.0037,1957.0703,7663.8440,32565.4906,"Central estimate = literature training anchor scaled by retained parameter count, training-token prior, training regime, architecture profile, and hardware-class proxy. Low/high values widen exponents and contextual factors."
llama-3.1-405b,Llama 3.1 405B,meta,open_weight,open,Variable by host,self_hosted_variable,Meta Llama 3.1 model card,https://www.llama.com/docs/model-cards-and-prompt-formats/llama3_1/,US,comparative_reference,Project reference country for comparable inference estimates,,405,405,observed,high,Meta Llama 3.1 model card,https://www.llama.com/docs/model-cards-and-prompt-formats/llama3_1/,Open-weight model; emissions depend on deployment location.,text,"text,code",131072,,no,Open-weight dense transformer with GQA; model card documents a 128k context window and text-only IO.,meta-llama/Llama-3.1 model card,https://huggingface.co/meta-llama/Llama-3.1-405B-Instruct,meta-llama/Llama-3.1 model card,https://huggingface.co/meta-llama/Llama-3.1-405B-Instruct,meta-llama/Llama-3.1 model card,https://huggingface.co/meta-llama/Llama-3.1-405B-Instruct,,,,market_multifactor_prompt_proxy_v1,Elsworth et al. (2025) Gemini Apps median prompt = 0.24 Wh/prompt,421.2000,433.3500,454.4100,0.4944,0.5530,0.6346,0.1903,0.2129,0.2443,17.1062,19.1338,21.9572,6.5844,7.3663,8.4528,"Proxy de screening en énergie par prompt calibré sur Elsworth et al. (2025), puis ajusté par les paramètres actifs effectifs, les hypothèses de service, l’overhead d’architecture et un volume de tokens pondéré.",8.1000,screening_prior,Project screening prior (20 training tokens per retained parameter),,pretraining,screening_prior,Project screening prior (foundation-model pretraining default),,no,meta-llama/Llama-3.1 model card,https://huggingface.co/meta-llama/Llama-3.1-405B-Instruct,standard_gpu_cluster,Project screening prior from market status and serving mode,,training_multifactor_proxy_v1,Transformer (big) (strubell2019_co2_transformer_big); BLOOM 176B (luccioni2023_bloom_dynamic); BLOOM 176B (luccioni2023_bloom_extended),0.8500,1.0000,1.1500,0.7000,1.0000,1.2000,0.8000,1.0000,1.2000,1.0000,1.0000,1.0000,0.9500,1.0500,1.1500,8618570884.6900,287058167628.6854,5232747320000.7432,29734.4384,256543.2661,2015099.6881,"Central estimate = literature training anchor scaled by retained parameter count, training-token prior, training regime, architecture profile, and hardware-class proxy. Low/high values widen exponents and contextual factors."
ministral-3b,Ministral 3B,mistral,api_and_open_weight,hybrid,France (provider proxy),provider_country_proxy,Mistral model overview,https://docs.mistral.ai/getting-started/models/models_overview/,FR,provider_country_proxy,Mistral provider country retained as screening proxy,https://docs.mistral.ai/getting-started/models/models_overview/,3,3,observed,medium,Mistral model overview,https://docs.mistral.ai/getting-started/models/models_overview/,Server country not explicitly documented; France retained as provider-country proxy.,text,text,128000,,no,Research-licensed edge model; legacy docs expose a 128k context window but not a vision interface for this version.,Research-licensed edge model - Mistral Docs,https://docs.mistral.ai/models/ministral-3b-24-1,Research-licensed edge model - Mistral Docs,https://docs.mistral.ai/models/ministral-3b-24-1,Research-licensed edge model - Mistral Docs,https://docs.mistral.ai/models/ministral-3b-24-1,2024-10-16,"Un Ministral, des Ministraux | Mistral AI",https://mistral.ai/news/ministraux,market_multifactor_prompt_proxy_v1,Elsworth et al. (2025) Gemini Apps median prompt = 0.24 Wh/prompt,3.2115,3.4309,3.6244,0.0040,0.0056,0.0078,0.0002,0.0002,0.0003,0.1384,0.1938,0.2699,0.0069,0.0069,0.0104,"Proxy de screening en énergie par prompt calibré sur Elsworth et al. (2025), puis ajusté par les paramètres actifs effectifs, les hypothèses de service, l’overhead d’architecture et un volume de tokens pondéré.",0.0600,screening_prior,Project screening prior (20 training tokens per retained parameter),,pretraining,screening_prior,Project screening prior (foundation-model pretraining default),,no,Research-licensed edge model - Mistral Docs,https://docs.mistral.ai/models/ministral-3b-24-1,mixed_gpu_cluster,Project screening prior from market status and serving mode,,training_multifactor_proxy_v1,Transformer (big) (strubell2019_co2_transformer_big); BLOOM 176B (luccioni2023_bloom_dynamic); BLOOM 176B (luccioni2023_bloom_extended),0.8500,1.0000,1.1500,0.7000,1.0000,1.2000,0.8000,1.0000,1.2000,1.0000,1.0000,1.0000,0.9000,1.0000,1.1000,4073210.1835,15000753.4197,49333309.7181,13.4061,13.4061,18.9980,"Central estimate = literature training anchor scaled by retained parameter count, training-token prior, training regime, architecture profile, and hardware-class proxy. Low/high values widen exponents and contextual factors."
ministral-8b,Ministral 8B,mistral,api_and_open_weight,hybrid,France (provider proxy),provider_country_proxy,Mistral model overview,https://docs.mistral.ai/getting-started/models/models_overview/,FR,provider_country_proxy,Mistral provider country retained as screening proxy,https://docs.mistral.ai/getting-started/models/models_overview/,8,8,observed,medium,Mistral model overview,https://docs.mistral.ai/getting-started/models/models_overview/,Server country not explicitly documented; France retained as provider-country proxy.,text,text,128000,,no,Research-licensed edge model; legacy docs expose a 128k context window but not a vision interface for this version.,Research-licensed edge model - Mistral Docs,https://docs.mistral.ai/models/ministral-8b-24-1,Research-licensed edge model - Mistral Docs,https://docs.mistral.ai/models/ministral-8b-24-1,Research-licensed edge model - Mistral Docs,https://docs.mistral.ai/models/ministral-8b-24-1,2024-10-16,"Un Ministral, des Ministraux | Mistral AI",https://mistral.ai/news/ministraux,market_multifactor_prompt_proxy_v1,Elsworth et al. (2025) Gemini Apps median prompt = 0.24 Wh/prompt,8.5640,9.1489,9.6649,0.0111,0.0142,0.0180,0.0004,0.0006,0.0007,0.3841,0.4913,0.6228,0.0138,0.0208,0.0242,"Proxy de screening en énergie par prompt calibré sur Elsworth et al. (2025), puis ajusté par les paramètres actifs effectifs, les hypothèses de service, l’overhead d’architecture et un volume de tokens pondéré.",0.1600,screening_prior,Project screening prior (20 training tokens per retained parameter),,pretraining,screening_prior,Project screening prior (foundation-model pretraining default),,no,Research-licensed edge model - Mistral Docs,https://docs.mistral.ai/models/ministral-8b-24-1,mixed_gpu_cluster,Project screening prior from market status and serving mode,,training_multifactor_proxy_v1,Transformer (big) (strubell2019_co2_transformer_big); BLOOM 176B (luccioni2023_bloom_dynamic); BLOOM 176B (luccioni2023_bloom_extended),0.8500,1.0000,1.1500,0.7000,1.0000,1.2000,0.8000,1.0000,1.2000,1.0000,1.0000,1.0000,0.9000,1.0000,1.1000,18628949.0923,106672024.3182,494500543.9128,64.2707,95.3326,190.4292,"Central estimate = literature training anchor scaled by retained parameter count, training-token prior, training regime, architecture profile, and hardware-class proxy. Low/high values widen exponents and contextual factors."
mistral-large,Mistral Large,mistral,api,closed,France or EU region not publicly specified,provider_country_proxy,Mistral Large 2 launch note,https://mistral.ai/news/mistral-large-2407/,FR,provider_country_proxy,Mistral provider country retained as screening proxy,https://docs.mistral.ai/getting-started/models/models_overview/,123,123,observed,medium,Mistral Large 2 launch note,https://mistral.ai/news/mistral-large-2407/,Mistral documents Mistral Large 2 as a 123B-parameter model; this value is used as the closest public screening proxy for Mistral Large-family API scenarios.,"text,image",text,128000,,yes,"Commercial large model family; Mistral Large 2.1 docs expose a 128k context window, while the July 2024 launch note documents 123B parameters for Large 2.",Mistral Large 2.1 - Mistral Docs,https://docs.mistral.ai/models/mistral-large-2-1-24-11,Mistral Large 2.1 - Mistral Docs,https://docs.mistral.ai/models/mistral-large-2-1-24-11,Mistral Large 2.1 - Mistral Docs; Mistral Large 2 launch note,https://docs.mistral.ai/models/mistral-large-2-1-24-11 | https://mistral.ai/news/mistral-large-2407/,2024-07-24,Large Enough | Mistral AI,https://mistral.ai/news/mistral-large-2407,market_multifactor_prompt_proxy_v1,Elsworth et al. (2025) Gemini Apps median prompt = 0.24 Wh/prompt,139.4433,154.3635,171.8339,0.1932,0.2074,0.2286,0.0077,0.0083,0.0091,6.6847,7.1760,7.9096,0.2664,0.2872,0.3149,"Proxy de screening en énergie par prompt calibré sur Elsworth et al. (2025), puis ajusté par les paramètres actifs effectifs, les hypothèses de service, l’overhead d’architecture et un volume de tokens pondéré.",2.4600,screening_prior,Project screening prior (20 training tokens per retained parameter),,pretraining,screening_prior,Project screening prior (foundation-model pretraining default),,yes,Mistral Large 2.1 - Mistral Docs,https://docs.mistral.ai/models/mistral-large-2-1-24-11,modern_hyperscale_gpu,Project screening prior from market status and serving mode,,training_multifactor_proxy_v1,Transformer (big) (strubell2019_co2_transformer_big); BLOOM 176B (luccioni2023_bloom_dynamic); BLOOM 176B (luccioni2023_bloom_extended),0.8500,1.0000,1.1500,0.7000,1.0000,1.2000,0.8000,1.0000,1.2000,1.0500,1.1500,1.3500,0.8000,0.9000,1.0000,1201679286.9700,26098835826.0502,373356227286.0430,4145.8450,23324.4734,143777.2495,"Central estimate = literature training anchor scaled by retained parameter count, training-token prior, training regime, architecture profile, and hardware-class proxy. Low/high values widen exponents and contextual factors."
mistral-small-3.1-24b,Mistral Small 3.1 24B,mistral,api_and_open_weight,hybrid,France (provider proxy),provider_country_proxy,Mistral model overview,https://docs.mistral.ai/getting-started/models/models_overview/,FR,provider_country_proxy,Mistral provider country retained as screening proxy,https://docs.mistral.ai/getting-started/models/models_overview/,24,24,observed,medium,Mistral model overview,https://docs.mistral.ai/getting-started/models/models_overview/,Server country not explicitly documented; France retained as provider-country proxy.,"text,image",text,128000,,yes,Open 24B model with image understanding in the 3.1 release line.,Mistral Small 3.1 - Mistral Docs,https://docs.mistral.ai/models/mistral-small-3-1-25-03,Mistral Small 3.1 - Mistral Docs,https://docs.mistral.ai/models/mistral-small-3-1-25-03,Mistral Small 3.1 - Mistral Docs,https://docs.mistral.ai/models/mistral-small-3-1-25-03,2025-03-17,Mistral Small 3.1 | Mistral AI,https://mistral.ai/en/news/mistral-small-3-1,market_multifactor_prompt_proxy_v1,Elsworth et al. (2025) Gemini Apps median prompt = 0.24 Wh/prompt,25.9488,28.2703,30.7345,0.0375,0.0413,0.0463,0.0015,0.0017,0.0019,1.2975,1.4290,1.6020,0.0519,0.0588,0.0657,"Proxy de screening en énergie par prompt calibré sur Elsworth et al. (2025), puis ajusté par les paramètres actifs effectifs, les hypothèses de service, l’overhead d’architecture et un volume de tokens pondéré.",0.4800,screening_prior,Project screening prior (20 training tokens per retained parameter),,pretraining,screening_prior,Project screening prior (foundation-model pretraining default),,yes,Mistral Small 3.1 - Mistral Docs,https://docs.mistral.ai/models/mistral-small-3-1-25-03,mixed_gpu_cluster,Project screening prior from market status and serving mode,,training_multifactor_proxy_v1,Transformer (big) (strubell2019_co2_transformer_big); BLOOM 176B (luccioni2023_bloom_dynamic); BLOOM 176B (luccioni2023_bloom_extended),0.8500,1.0000,1.1500,0.7000,1.0000,1.2000,0.8000,1.0000,1.2000,1.0500,1.1500,1.3500,0.9000,1.0000,1.1000,107378071.4943,1104055451.6936,8825422198.1511,370.4589,986.6920,3398.6173,"Central estimate = literature training anchor scaled by retained parameter count, training-token prior, training regime, architecture profile, and hardware-class proxy. Low/high values widen exponents and contextual factors."
codestral-22b,Codestral 22B,mistral,api_and_open_weight,hybrid,France (provider proxy),provider_country_proxy,Mistral model overview,https://docs.mistral.ai/getting-started/models/models_overview/,FR,provider_country_proxy,Mistral provider country retained as screening proxy,https://docs.mistral.ai/getting-started/models/models_overview/,22,22,observed,medium,Mistral model overview,https://docs.mistral.ai/getting-started/models/models_overview/,Server country not explicitly documented; France retained as provider-country proxy.,text,"text,code",32000,,no,"Open coding model; Mistral docs expose 22B parameters, 22B active parameters, and a 32k context window.",Codestral - Mistral Docs,https://docs.mistral.ai/models/codestral-24-05,Codestral - Mistral Docs,https://docs.mistral.ai/models/codestral-24-05,Codestral - Mistral Docs,https://docs.mistral.ai/models/codestral-24-05,2024-05-29,Codestral | Mistral AI,https://mistral.ai/fr/news/codestral,market_multifactor_prompt_proxy_v1,Elsworth et al. (2025) Gemini Apps median prompt = 0.24 Wh/prompt,22.6600,23.5400,24.2000,0.0292,0.0347,0.0412,0.0012,0.0014,0.0016,1.0103,1.2006,1.4255,0.0415,0.0484,0.0554,"Proxy de screening en énergie par prompt calibré sur Elsworth et al. (2025), puis ajusté par les paramètres actifs effectifs, les hypothèses de service, l’overhead d’architecture et un volume de tokens pondéré.",0.4400,screening_prior,Project screening prior (20 training tokens per retained parameter),,pretraining,screening_prior,Project screening prior (foundation-model pretraining default),,no,Codestral - Mistral Docs,https://docs.mistral.ai/models/codestral-24-05,mixed_gpu_cluster,Project screening prior from market status and serving mode,,training_multifactor_proxy_v1,Transformer (big) (strubell2019_co2_transformer_big); BLOOM 176B (luccioni2023_bloom_dynamic); BLOOM 176B (luccioni2023_bloom_extended),0.8500,1.0000,1.1500,0.7000,1.0000,1.2000,0.8000,1.0000,1.2000,1.0000,1.0000,1.0000,0.9000,1.0000,1.1000,89362236.8815,806707183.9065,5328421894.1962,308.3035,720.9525,2051.9434,"Central estimate = literature training anchor scaled by retained parameter count, training-token prior, training regime, architecture profile, and hardware-class proxy. Low/high values widen exponents and contextual factors."
qwen2.5-7b,Qwen2.5 7B,alibaba,open_weight,open,China (provider proxy),provider_country_proxy,Qwen model card,https://huggingface.co/Qwen/Qwen2.5-7B-Instruct,CN,provider_country_proxy,Alibaba provider country retained as screening proxy,https://huggingface.co/Qwen/Qwen2.5-7B-Instruct,7,7,observed,high,Qwen2.5 7B model card,https://huggingface.co/Qwen/Qwen2.5-7B-Instruct,Open-weight model; server country depends on deployment location.,text,text,131072,8192,no,"Open dense transformer with RoPE, SwiGLU, RMSNorm, attention QKV bias, and GQA; official card reports 7.6B total parameters and long-context support via YaRN.",Qwen2.5 7B model card,https://huggingface.co/Qwen/Qwen2.5-7B-Instruct,Qwen2.5 7B model card,https://huggingface.co/Qwen/Qwen2.5-7B-Instruct,Qwen2.5 7B model card,https://huggingface.co/Qwen/Qwen2.5-7B-Instruct,,,,market_multifactor_prompt_proxy_v1,Elsworth et al. (2025) Gemini Apps median prompt = 0.24 Wh/prompt,7.2800,7.4900,7.8540,0.0090,0.0117,0.0157,0.0048,0.0063,0.0085,0.3114,0.4048,0.5432,0.1661,0.2180,0.2941,"Proxy de screening en énergie par prompt calibré sur Elsworth et al. (2025), puis ajusté par les paramètres actifs effectifs, les hypothèses de service, l’overhead d’architecture et un volume de tokens pondéré.",0.1400,screening_prior,Project screening prior (20 training tokens per retained parameter),,pretraining,screening_prior,Project screening prior (foundation-model pretraining default),,no,Qwen2.5 7B model card,https://huggingface.co/Qwen/Qwen2.5-7B-Instruct,standard_gpu_cluster,Project screening prior from market status and serving mode,,training_multifactor_proxy_v1,Transformer (big) (strubell2019_co2_transformer_big); BLOOM 176B (luccioni2023_bloom_dynamic); BLOOM 176B (luccioni2023_bloom_extended),0.8500,1.0000,1.1500,0.7000,1.0000,1.2000,0.8000,1.0000,1.2000,1.0000,1.0000,1.0000,0.9500,1.0500,1.1500,15987550.6707,85754307.0496,377738153.8465,55.1577,76.6384,145.4647,"Central estimate = literature training anchor scaled by retained parameter count, training-token prior, training regime, architecture profile, and hardware-class proxy. Low/high values widen exponents and contextual factors."
qwen2.5-32b,Qwen2.5 32B,alibaba,open_weight,open,China (provider proxy),provider_country_proxy,Qwen model card,https://huggingface.co/Qwen/Qwen2.5-32B-Instruct,CN,provider_country_proxy,Alibaba provider country retained as screening proxy,https://huggingface.co/Qwen/Qwen2.5-32B-Instruct,32,32,observed,high,Qwen2.5 32B model card,https://huggingface.co/Qwen/Qwen2.5-32B-Instruct,Open-weight model; server country depends on deployment location.,text,text,131072,8192,no,"Open dense transformer with RoPE, SwiGLU, RMSNorm, attention QKV bias, and GQA; official card reports 32.5B total parameters and long-context support via YaRN.",Qwen2.5 32B model card,https://huggingface.co/Qwen/Qwen2.5-32B-Instruct,Qwen2.5 32B model card,https://huggingface.co/Qwen/Qwen2.5-32B-Instruct,Qwen2.5 32B model card,https://huggingface.co/Qwen/Qwen2.5-32B-Instruct,,,,market_multifactor_prompt_proxy_v1,Elsworth et al. (2025) Gemini Apps median prompt = 0.24 Wh/prompt,33.2800,34.2400,35.9040,0.0442,0.0496,0.0572,0.0238,0.0268,0.0309,1.5293,1.7162,1.9791,0.8235,0.9273,1.0691,"Proxy de screening en énergie par prompt calibré sur Elsworth et al. (2025), puis ajusté par les paramètres actifs effectifs, les hypothèses de service, l’overhead d’architecture et un volume de tokens pondéré.",0.6400,screening_prior,Project screening prior (20 training tokens per retained parameter),,pretraining,screening_prior,Project screening prior (foundation-model pretraining default),,no,Qwen2.5 32B model card,https://huggingface.co/Qwen/Qwen2.5-32B-Instruct,standard_gpu_cluster,Project screening prior from market status and serving mode,,training_multifactor_proxy_v1,Transformer (big) (strubell2019_co2_transformer_big); BLOOM 176B (luccioni2023_bloom_dynamic); BLOOM 176B (luccioni2023_bloom_extended),0.8500,1.0000,1.1500,0.7000,1.0000,1.2000,0.8000,1.0000,1.2000,1.0000,1.0000,1.0000,0.9500,1.0500,1.1500,168601889.8531,1792090008.5461,13437327696.3365,581.6837,1601.5870,5174.6345,"Central estimate = literature training anchor scaled by retained parameter count, training-token prior, training regime, architecture profile, and hardware-class proxy. Low/high values widen exponents and contextual factors."
qwen2.5-72b,Qwen2.5 72B,alibaba,open_weight,open,China (provider proxy),provider_country_proxy,Qwen model card,https://huggingface.co/Qwen/Qwen2.5-72B-Instruct,CN,provider_country_proxy,Alibaba provider country retained as screening proxy,https://huggingface.co/Qwen/Qwen2.5-72B-Instruct,72,72,observed,high,Qwen2.5 72B model card,https://huggingface.co/Qwen/Qwen2.5-72B-Instruct,Open-weight model; server country depends on deployment location.,text,text,131072,8192,no,"Open dense transformer with RoPE, SwiGLU, RMSNorm, attention QKV bias, and GQA; official card reports 72.7B total parameters and long-context support via YaRN.",Qwen2.5 72B model card,https://huggingface.co/Qwen/Qwen2.5-72B-Instruct,Qwen2.5 72B model card,https://huggingface.co/Qwen/Qwen2.5-72B-Instruct,Qwen2.5 72B model card,https://huggingface.co/Qwen/Qwen2.5-72B-Instruct,,,,market_multifactor_prompt_proxy_v1,Elsworth et al. (2025) Gemini Apps median prompt = 0.24 Wh/prompt,74.8800,77.0400,80.7840,0.1035,0.1072,0.1139,0.0559,0.0579,0.0615,3.5811,3.7091,3.9409,1.9341,2.0033,2.1279,"Proxy de screening en énergie par prompt calibré sur Elsworth et al. (2025), puis ajusté par les paramètres actifs effectifs, les hypothèses de service, l’overhead d’architecture et un volume de tokens pondéré.",1.4400,screening_prior,Project screening prior (20 training tokens per retained parameter),,pretraining,screening_prior,Project screening prior (foundation-model pretraining default),,no,Qwen2.5 72B model card,https://huggingface.co/Qwen/Qwen2.5-72B-Instruct,standard_gpu_cluster,Project screening prior from market status and serving mode,,training_multifactor_proxy_v1,Transformer (big) (strubell2019_co2_transformer_big); BLOOM 176B (luccioni2023_bloom_dynamic); BLOOM 176B (luccioni2023_bloom_extended),0.8500,1.0000,1.1500,0.7000,1.0000,1.2000,0.8000,1.0000,1.2000,1.0000,1.0000,1.0000,0.9500,1.0500,1.1500,592577751.0101,9072455668.2646,90352843745.7328,2044.4186,8108.0341,34794.3396,"Central estimate = literature training anchor scaled by retained parameter count, training-token prior, training regime, architecture profile, and hardware-class proxy. Low/high values widen exponents and contextual factors."
deepseek-v3,DeepSeek V3,deepseek,api_and_open_weight,hybrid,China (provider proxy),provider_country_proxy,DeepSeek model card,https://huggingface.co/deepseek-ai/DeepSeek-V3,CN,provider_country_proxy,DeepSeek provider country retained as screening proxy,https://huggingface.co/deepseek-ai/DeepSeek-V3,37,671,observed,high,DeepSeek-V3 model card,https://huggingface.co/deepseek-ai/DeepSeek-V3,Mixture-of-experts model with 37B activated parameters.,text,text,128000,,no,Open MoE model; DeepSeek-V3 repository reports 671B total parameters and 37B activated parameters.,deepseek-ai/DeepSeek-V3,https://github.com/deepseek-ai/DeepSeek-V3,deepseek-ai/DeepSeek-V3,https://github.com/deepseek-ai/DeepSeek-V3,deepseek-ai/DeepSeek-V3,https://github.com/deepseek-ai/DeepSeek-V3,,,,market_multifactor_prompt_proxy_v1,Elsworth et al. (2025) Gemini Apps median prompt = 0.24 Wh/prompt,46.2320,56.4661,67.1259,0.0756,0.0798,0.0852,0.0408,0.0431,0.0460,2.6158,2.7611,2.9479,1.4117,1.4913,1.5916,"Proxy de screening en énergie par prompt calibré sur Elsworth et al. (2025), puis ajusté par les paramètres actifs effectifs, les hypothèses de service, l’overhead d’architecture et un volume de tokens pondéré.",13.4200,screening_prior,Project screening prior (20 training tokens per retained parameter),,pretraining,screening_prior,Project screening prior (foundation-model pretraining default),,no,deepseek-ai/DeepSeek-V3,https://github.com/deepseek-ai/DeepSeek-V3,mixed_gpu_cluster,Project screening prior from market status and serving mode,,training_multifactor_proxy_v1,Transformer (big) (strubell2019_co2_transformer_big); BLOOM 176B (luccioni2023_bloom_dynamic); BLOOM 176B (luccioni2023_bloom_extended),0.8500,1.0000,1.1500,0.7000,1.0000,1.2000,0.8000,1.0000,1.2000,0.7000,0.9000,1.1000,0.9000,1.0000,1.1000,12500195989.8528,675395422046.1530,18034159722168.0664,43126.2111,603599.4340,6944847.0200,"Central estimate = literature training anchor scaled by retained parameter count, training-token prior, training regime, architecture profile, and hardware-class proxy. Low/high values widen exponents and contextual factors."
deepseek-r1,DeepSeek R1,deepseek,api_and_open_weight,hybrid,China (provider proxy),provider_country_proxy,DeepSeek model card,https://huggingface.co/deepseek-ai/DeepSeek-R1,CN,provider_country_proxy,DeepSeek provider country retained as screening proxy,https://huggingface.co/deepseek-ai/DeepSeek-R1,37,671,observed,high,DeepSeek-R1 model card,https://huggingface.co/deepseek-ai/DeepSeek-R1,The model card states that DeepSeek-R1 is based on DeepSeek-V3-Base.,text,text,128000,,no,Open reasoning MoE model built on DeepSeek-V3-Base; official card reports 671B total parameters and 37B activated parameters.,deepseek-ai/DeepSeek-R1,https://huggingface.co/deepseek-ai/DeepSeek-R1,deepseek-ai/DeepSeek-R1,https://huggingface.co/deepseek-ai/DeepSeek-R1,deepseek-ai/DeepSeek-R1,https://huggingface.co/deepseek-ai/DeepSeek-R1,,,,market_multifactor_prompt_proxy_v1,Elsworth et al. (2025) Gemini Apps median prompt = 0.24 Wh/prompt,47.1566,59.2894,72.4960,0.0769,0.0836,0.0924,0.0415,0.0451,0.0499,2.6607,2.8926,3.1970,1.4359,1.5605,1.7265,"Proxy de screening en énergie par prompt calibré sur Elsworth et al. (2025), puis ajusté par les paramètres actifs effectifs, les hypothèses de service, l’overhead d’architecture et un volume de tokens pondéré.",13.4200,screening_prior,Project screening prior (20 training tokens per retained parameter),,pretraining,screening_prior,Project screening prior (foundation-model pretraining default),,no,deepseek-ai/DeepSeek-R1,https://huggingface.co/deepseek-ai/DeepSeek-R1,mixed_gpu_cluster,Project screening prior from market status and serving mode,,training_multifactor_proxy_v1,Transformer (big) (strubell2019_co2_transformer_big); BLOOM 176B (luccioni2023_bloom_dynamic); BLOOM 176B (luccioni2023_bloom_extended),0.8500,1.0000,1.1500,0.7000,1.0000,1.2000,0.8000,1.0000,1.2000,0.7000,0.9000,1.1000,0.9000,1.0000,1.1000,12500195989.8528,675395422046.1530,18034159722168.0664,43126.2111,603599.4340,6944847.0200,"Central estimate = literature training anchor scaled by retained parameter count, training-token prior, training regime, architecture profile, and hardware-class proxy. Low/high values widen exponents and contextual factors."
gpt-3,GPT-3 (Davinci),openai,api,closed,United States,multi_region,OpenAI API launch blog,https://openai.com/blog/openai-api/,US,screening_proxy,OpenAI API launch blog,https://openai.com/blog/openai-api/,175,175,observed,medium,Brown et al. (2020),https://arxiv.org/abs/2005.14165,Original GPT-3 API release describing the 175B decoder-only transformer.,text,text,2048,2048,no,Dense decoder-only transformer with 96 layers as documented by Brown et al. (2020).,Brown et al. (2020),https://arxiv.org/abs/2005.14165,Brown et al. (2020),https://arxiv.org/abs/2005.14165,Brown et al. (2020),https://arxiv.org/abs/2005.14165,2020-06-11,OpenAI API launch blog,https://openai.com/blog/openai-api/,market_multifactor_prompt_proxy_v1,Elsworth et al. (2025) Gemini Apps median prompt = 0.24 Wh/prompt,189.0000,199.5000,210.0000,0.2502,0.2646,0.2822,0.0963,0.1019,0.1086,8.6569,9.1552,9.7641,3.3320,3.5257,3.7576,"Proxy de screening en énergie par prompt calibré sur Elsworth et al. (2025), puis ajusté par les paramètres actifs effectifs, les hypothèses de service, l’overhead d’architecture et un volume de tokens pondéré.",0.3,observed,Brown et al. (2020),https://arxiv.org/abs/2005.14165,pretraining,documented,Brown et al. (2020),https://arxiv.org/abs/2005.14165,no,Brown et al. (2020),https://arxiv.org/abs/2005.14165,standard_gpu_cluster,Brown et al. (2020),https://arxiv.org/abs/2005.14165,training_multifactor_proxy_v1,Transformer (big) (strubell2019_co2_transformer_big); BLOOM 176B (luccioni2023_bloom_dynamic); BLOOM 176B (luccioni2023_bloom_extended),0.8500,1.0000,1.1500,0.7000,1.0000,1.2000,0.8000,1.0000,1.2000,1.0000,1.0000,1.0000,0.9500,1.0500,1.1500,420461460.6083,4593980734.7983,38195634270.2703,1450.6100,4105.6307,14708.9103,
gpt-3.5-turbo,GPT-3.5 Turbo,openai,api,closed,United States,multi_region,ChatGPT launch blog,https://openai.com/blog/chatgpt,US,screening_proxy,ChatGPT launch blog,https://openai.com/blog/chatgpt,175,175,estimated,low,Nexos ChatGPT version history,https://nexos.ai/blog/chatgpt-version-history/,GPT-3.5 Turbo powers ChatGPT since November 2022 and relies on the GPT-3 architecture at ~175B parameters.,text,text,4096,4096,no,Decoder transformer with RLHF tuned on conversational data per ChatGPT release notes.,OpenAI ChatGPT blog,https://openai.com/blog/chatgpt,OpenAI ChatGPT blog,https://openai.com/blog/chatgpt,OpenAI ChatGPT blog,https://openai.com/blog/chatgpt,2022-11-30,ChatGPT launch blog,https://openai.com/blog/chatgpt,market_multifactor_prompt_proxy_v1,Elsworth et al. (2025) Gemini Apps median prompt = 0.24 Wh/prompt,189.0000,199.5000,210.0000,0.2502,0.2646,0.2822,0.0963,0.1019,0.1086,8.6569,9.1552,9.7641,3.3320,3.5257,3.7576,"Proxy de screening en énergie par prompt calibré sur Elsworth et al. (2025), puis ajusté par les paramètres actifs effectifs, les hypothèses de service, l’overhead d’architecture et un volume de tokens pondéré.",,,,,pretraining,documented,OpenAI ChatGPT blog,https://openai.com/blog/chatgpt,no,OpenAI ChatGPT blog,https://openai.com/blog/chatgpt,standard_gpu_cluster,OpenAI ChatGPT blog,https://openai.com/blog/chatgpt,training_multifactor_proxy_v1,Transformer (big) (strubell2019_co2_transformer_big); BLOOM 176B (luccioni2023_bloom_dynamic); BLOOM 176B (luccioni2023_bloom_extended),0.8500,1.0000,1.1500,0.7000,1.0000,1.2000,0.8000,1.0000,1.2000,1.0000,1.0000,1.0000,0.9500,1.0500,1.1500,2347409983.9219,53596441905.9807,728366350514.5570,8098.6649,47899.0247,280489.5241,
gpt-4,GPT-4,openai,api,closed,United States,multi_region,OpenAI GPT-4 research release,https://openai.com/research/gpt-4,US,screening_proxy,OpenAI GPT-4 research release,https://openai.com/research/gpt-4,1000,1000,estimated,low,Exploding Topics GPT-4 parameters report,https://explodingtopics.com/blog/gpt-parameters,GPT-4 (Mar 2023) is a multimodal transformer estimated at ~1.8 trillion parameters per public reports and uses Azure supercomputing infrastructure.,"text,image",text,8192,8192,yes,An Azure-hosted multimodal transformer with MoE-style routing and RLHF described in the GPT-4 research announcement.,OpenAI GPT-4 research release,https://openai.com/research/gpt-4,OpenAI GPT-4 research release,https://openai.com/research/gpt-4,OpenAI GPT-4 research release,https://openai.com/research/gpt-4,2023-03-14,OpenAI GPT-4 research release,https://openai.com/research/gpt-4,market_multifactor_prompt_proxy_v1,Elsworth et al. (2025) Gemini Apps median prompt = 0.24 Wh/prompt,1090.8000,1174.2000,1272.0000,1.1100,1.4255,1.8702,0.4273,0.5488,0.7200,38.4060,49.3223,64.7089,14.7846,18.9885,24.9120,"Proxy de screening en énergie par prompt calibré sur Elsworth et al. (2025), puis ajusté par les paramètres actifs effectifs, les hypothèses de service, l’overhead d’architecture et un volume de tokens pondéré.",6.0000,screening_prior,Assumed same proxy as GPT-5 series,,pretraining,documented,OpenAI GPT-4 technical report,https://cdn.openai.com/papers/gpt-4.pdf,yes,OpenAI GPT-4 research release,https://openai.com/research/gpt-4,modern_hyperscale_gpu,OpenAI GPT-4 research release,https://openai.com/research/gpt-4,training_multifactor_proxy_v1,Transformer (big) (strubell2019_co2_transformer_big); BLOOM 176B (luccioni2023_bloom_dynamic); BLOOM 176B (luccioni2023_bloom_extended),0.8500,1.0000,1.1500,0.7000,1.0000,1.2000,0.8000,1.0000,1.2000,0.7350,1.0350,1.4850,0.8000,0.9000,1.0000,9322203324.5842,465773393683.2283,13328601339843.6855,32162.0004,416260.6788,5132764.6379,
claude-2,Claude 2,anthropic,api,closed,Not publicly specified,non_specified,Anthropic Claude overview,https://docs.anthropic.com/en/docs/about-claude/models/overview,US,screening_proxy,Anthropic Claude overview,https://docs.anthropic.com/en/docs/about-claude/models/overview,100,100,estimated,low,Third-party estimate (Claude 2),https://lifearchitect.ai/models-table/,Anthropic does not publish parameter counts for Claude 2; the project retains third-party estimates for comparison.,text,text,200000,64000,yes,Decoder-only transformer tuned with RLHF; multimodal ready.,Anthropic Claude overview,https://docs.anthropic.com/en/docs/about-claude/models/overview,Anthropic Claude overview,https://docs.anthropic.com/en/docs/about-claude/models/overview,Anthropic Claude overview,https://docs.anthropic.com/en/docs/about-claude/models/overview,2023-03-22,Claude 2 announcement | Anthropic,https://www.anthropic.com/news/claude-2,market_multifactor_prompt_proxy_v1,Elsworth et al. (2025) Gemini Apps median prompt = 0.24 Wh/prompt,114.7732,128.1448,143.7973,0.1637,0.1738,0.1896,0.0630,0.0669,0.0730,5.6640,6.0135,6.5602,2.1798,2.3147,2.5258,"Proxy de screening en énergie par prompt calibré sur Elsworth et al. (2025), puis ajusté par les paramètres actifs effectifs, les hypothèses de service, l’overhead d’architecture et un volume de tokens pondéré.",,screening_prior,,,pretraining,screening_prior,,,yes,https://docs.anthropic.com/en/docs/about-claude/models/overview,,modern_hyperscale_gpu,,,training_multifactor_proxy_v1,Transformer (big) (strubell2019_co2_transformer_big); BLOOM 176B (luccioni2023_bloom_dynamic); BLOOM 176B (luccioni2023_bloom_extended),0.8500,1.0000,1.1500,0.7000,1.0000,1.2000,0.8000,1.0000,1.2000,1.0500,1.1500,1.3500,0.8000,0.9000,1.0000,871837715.7370,17250866432.7122,229533663067.1512,3007.8774,15417.0622,88392.0405,"Central estimate = literature training anchor scaled by retained parameter count, training-token prior, training regime, architecture profile, and hardware-class proxy. Low/high values widen exponents and contextual factors."
grok-1,Grok 1,xai,api,closed,United States or Ireland,documented_multi_region,xAI models documentation,https://docs.x.ai/developers/models,US,documented_region_proxy,xAI models documentation,https://docs.x.ai/developers/models,175,175,estimated,low,Third-party estimate (Grok 1),https://lifearchitect.ai/models-table/,xAI does not publish Grok 1 parameter counts; family-level estimate retained for comparison.,"text,image",text,200000,128000,yes,Decoder transformer with reasoning and tool integration.,https://docs.x.ai/developers/models,https://docs.x.ai/developers/models,https://docs.x.ai/developers/models,https://docs.x.ai/developers/models,https://docs.x.ai/developers/models,https://docs.x.ai/developers/models,2023-11-30,Grok 1 launch | xAI,https://x.ai/news/grok-1/,market_multifactor_prompt_proxy_v1,Elsworth et al. (2025) Gemini Apps median prompt = 0.24 Wh/prompt,204.8701,235.4661,271.7769,0.2679,0.3098,0.3699,0.1031,0.1193,0.1424,9.2693,10.7191,12.7985,3.5673,4.1278,4.9270,"Proxy de screening en énergie par prompt calibré sur Elsworth et al. (2025), puis ajusté par les paramètres actifs effectifs, les hypothèses de service, l’overhead d’architecture et un volume de tokens pondéré.",,screening_prior,,,pretraining,screening_prior,,,yes,https://docs.x.ai/developers/models,,modern_hyperscale_gpu,,,training_multifactor_proxy_v1,Transformer (big) (strubell2019_co2_transformer_big); BLOOM 176B (luccioni2023_bloom_dynamic); BLOOM 176B (luccioni2023_bloom_extended),0.8500,1.0000,1.1500,0.7000,1.0000,1.2000,0.8000,1.0000,1.2000,1.0500,1.1500,1.3500,0.8000,0.9000,1.0000,2075604617.3626,52830778450.1810,855038759299.6974,7160.9248,47214.7529,329270.3110,"Central estimate = literature training anchor scaled by retained parameter count, training-token prior, training regime, architecture profile, and hardware-class proxy. Low/high values widen exponents and contextual factors."
grok-2,Grok 2,xai,api,closed,United States or Ireland,documented_multi_region,xAI models documentation,https://docs.x.ai/developers/models,US,documented_region_proxy,xAI models documentation,https://docs.x.ai/developers/models,300,300,estimated,low,Third-party estimate (Grok 2),https://lifearchitect.ai/models-table/,xAI provides limited size disclosures; family-level update kept for continuity.,"text,image",text,2000000,128000,yes,Decoder transformer with reasoning and toolchains.,https://docs.x.ai/developers/models,https://docs.x.ai/developers/models,https://docs.x.ai/developers/models,https://docs.x.ai/developers/models,https://docs.x.ai/developers/models,https://docs.x.ai/developers/models,2024-06-12,Grok 2 update | xAI,https://x.ai/news/grok-2/,market_multifactor_prompt_proxy_v1,Elsworth et al. (2025) Gemini Apps median prompt = 0.24 Wh/prompt,373.3821,446.6604,534.3563,0.4462,0.5691,0.7523,0.1718,0.2191,0.2896,15.4385,19.6909,26.0296,5.9443,7.5809,10.0202,"Proxy de screening en énergie par prompt calibré sur Elsworth et al. (2025), puis ajusté par les paramètres actifs effectifs, les hypothèses de service, l’overhead d’architecture et un volume de tokens pondéré.",,screening_prior,,,pretraining,screening_prior,,,yes,https://docs.x.ai/developers/models,,modern_hyperscale_gpu,,,training_multifactor_proxy_v1,Transformer (big) (strubell2019_co2_transformer_big); BLOOM 176B (luccioni2023_bloom_dynamic); BLOOM 176B (luccioni2023_bloom_extended),0.8500,1.0000,1.1500,0.7000,1.0000,1.2000,0.8000,1.0000,1.2000,1.0500,1.1500,1.3500,0.8000,0.9000,1.0000,4786009953.6947,155257797894.4095,3034459434678.9673,16511.9392,138753.5596,1168552.1747,"Central estimate = literature training anchor scaled by retained parameter count, training-token prior, training regime, architecture profile, and hardware-class proxy. Low/high values widen exponents and contextual factors."
