model_id,provider,aliases,active_parameters_billion,total_parameters_billion,parameter_value_status,parameter_confidence,parameter_source,parameter_source_url,notes
transformer-big,google,transformer big|transformer (big)|vaswani transformer big,0.213,0.213,estimated,medium,Estimated from the Transformer big configuration in Vaswani et al. (2017),https://arxiv.org/abs/1706.03762,Approximate parameter count derived from the original Transformer big architecture; used only to label the Strubell et al. (2019) Table 1 reference.
gemini,google,gemini|gemini apps|gemini app|gemini pro,180,180,estimated,low,Alan D. Thompson estimate for Gemini Pro,https://lifearchitect.ai/gemini/,Third-party estimate; Google does not publicly disclose Gemini parameter counts. Do not treat as an official value.
gemma-2b-it,google,gemma2b|gemma-2b|gemma 2b it|gemma-2b-it,2,2,observed,high,Ren et al. (2024) model scope,https://www.nature.com/articles/s41598-024-76682-6,Open model used as low-parameter inference anchor.
llama-3-70b,meta,llama3-70b|llama-3-70b|llama 3 70b|llama3 70b,70,70,observed,high,Ren et al. (2024) model scope,https://www.nature.com/articles/s41598-024-76682-6,Open model used as high-parameter inference anchor.
bloom-176b,bigscience,bloom176b|bloom-176b|bloom 176b,176,176,observed,high,Luccioni et al. (2023),https://www.jmlr.org/papers/v24/23-0069.html,Open training anchor.
llama-3.1-405b,meta,llama3.1405b|llama-3.1-405b|llama 3.1 405b|llama405b,405,405,observed,high,Meta (2024) model card,https://huggingface.co/meta-llama/Llama-3.1-405B,Open training anchor.
gpt-4o-mini,openai,gpt4omini|gpt-4omini|gpt 4o mini|gpt-4o-mini|gpt4mini|gpt-4-mini|gpt 4 mini,8,8,estimated,low,Internal approximate profile for extrapolation,,Approximate active-parameter profile used only for screening-level extrapolation.
gpt-4.1-mini,openai,gpt41mini|gpt-4.1-mini|gpt 4.1 mini,8,8,estimated,low,Internal approximate profile for extrapolation,,Approximate active-parameter profile used only for screening-level extrapolation.
gpt-3.5-turbo,openai,"gpt3.5-turbo|gpt-3.5 turbo|gpt35 turbo",175,175,estimated,low,Nexos ChatGPT version history,https://nexos.ai/blog/chatgpt-version-history/,"ChatGPT (Nov 2022) service built on GPT-3 architecture, estimated at ~175B parameters by community documentation."
gpt-4,openai,"gpt4|gpt-4",440,1760,estimated,low,Exploding Topics GPT-4 parameters report,https://explodingtopics.com/blog/gpt-parameters,"GPT-4 (Mar 2023) is treated as a multimodal MoE-style transformer with ~1.76T total parameters and ~440B active parameters in the central screening profile, based on widely cited public estimates."
llama-3.1-8b,meta,llama3.18b|llama-3.1-8b|llama 3.1 8b|llama31 8b,8,8,observed,high,Meta (2024) model card,https://huggingface.co/meta-llama/Llama-3.1-405B,Reported in Llama 3.1 family training tables.
llama-3.1-70b,meta,llama3.170b|llama-3.1-70b|llama 3.1 70b|llama31 70b,70,70,observed,high,Meta (2024) model card,https://huggingface.co/meta-llama/Llama-3.1-405B,Reported in Llama 3.1 family training tables.
olmo-20m,allenai,olmo 20m|olmo20m,0.02,0.02,observed,high,Morrison et al. (2025) Table 2,https://arxiv.org/abs/2503.05804,Unreleased internal experiment.
olmo-60m,allenai,olmo 60m|olmo60m,0.06,0.06,observed,high,Morrison et al. (2025) Table 2,https://arxiv.org/abs/2503.05804,Unreleased internal experiment.
olmo-150m,allenai,olmo 150m|olmo150m,0.15,0.15,observed,high,Morrison et al. (2025) Table 2,https://arxiv.org/abs/2503.05804,Unreleased internal experiment.
olmo-300m,allenai,olmo 300m|olmo300m,0.3,0.3,observed,high,Morrison et al. (2025) Table 2,https://arxiv.org/abs/2503.05804,Unreleased internal experiment.
olmo-700m,allenai,olmo 700m|olmo700m,0.7,0.7,observed,high,Morrison et al. (2025) Table 2,https://arxiv.org/abs/2503.05804,Unreleased internal experiment.
olmo-1b-3t,allenai,olmo 1b|olmo1b|olmo 1b 3t,1,1,observed,high,Morrison et al. (2025) Table 2,https://arxiv.org/abs/2503.05804,Dense 1B model trained to 3T tokens.
olmo-7b-unreleased,allenai,olmo 7b unreleased|olmo7b unreleased|olmo 7b,7,7,observed,high,Morrison et al. (2025) Table 2,https://arxiv.org/abs/2503.05804,Unreleased internal experiment.
olmo-7b-twin,allenai,olmo 7b twin|olmo7b twin,7,7,observed,high,Morrison et al. (2025) Table 2,https://arxiv.org/abs/2503.05804,Twin training run variant.
olmo-0724-7b,allenai,olmo 0724 7b|olmo (04|07)24 7b|olmo 0424 7b|olmo 0724,7,7,observed,high,Morrison et al. (2025) Table 2,https://arxiv.org/abs/2503.05804,Displayed as OLMo (04|07)24 7B in Table 2.
olmo-2-7b,allenai,olmo 2 7b|olmo2 7b|olmo2-7b,7,7,observed,high,Morrison et al. (2025) Table 2,https://arxiv.org/abs/2503.05804,OLMo 2 dense model.
olmo-2-13b,allenai,olmo 2 13b|olmo2 13b|olmo2-13b,13,13,observed,high,Morrison et al. (2025) Table 2,https://arxiv.org/abs/2503.05804,OLMo 2 dense model trained in Iowa cluster.
olmoe-0924,allenai,olmoe 0924|olmoe0924|olmoe 1b 7b,1,7,observed,high,Morrison et al. (2025) Table 2 and Section 3.3,https://arxiv.org/abs/2503.05804,Mixture-of-experts model with 1B active and 7B total parameters.
gpt-5.2,openai,gpt-5.2|gpt52,300,300,estimated,low,Alan D. Thompson GPT-5 estimate (~300B),https://lifearchitect.ai/gpt-5/,Family-level estimate applied to GPT-5.2 because OpenAI does not publish a separate parameter count for this revision.
gpt-5.2-pro,openai,gpt-5.2-pro|gpt52pro,300,300,estimated,low,Alan D. Thompson GPT-5 estimate (~300B),https://lifearchitect.ai/gpt-5/,Family-level estimate applied to GPT-5.2-pro because OpenAI does not publish a separate parameter count for this revision.
gpt-5-mini,openai,gpt-5-mini|gpt5mini,95,95,estimated,low,Artificial Analysis size class for GPT-5 mini (medium = 40B–150B); midpoint used as screening estimate,https://artificialanalysis.ai/models/gpt-5-mini-medium,Derived midpoint estimate from the model's documented medium size class because OpenAI does not publish the parameter count.
gpt-5-nano,openai,gpt-5-nano|gpt5nano,95,95,estimated,low,Artificial Analysis size class for GPT-5 nano (medium = 40B–150B); midpoint used as screening estimate,https://artificialanalysis.ai/models/gpt-5-nano-medium,Derived midpoint estimate from the model's documented medium size class because OpenAI does not publish the parameter count.
gpt-oss-120b,openai,gpt-oss-120b|gptoss120b,5.1,117,observed,high,gpt-oss-120b Model | OpenAI API,https://developers.openai.com/api/docs/models/gpt-oss-120b,OpenAI documents the model as 117B total parameters with 5.1B active parameters per token.
gpt-oss-20b,openai,gpt-oss-20b|gptoss20b,3.6,21,observed,high,gpt-oss-20b Model | OpenAI API,https://developers.openai.com/api/docs/models/gpt-oss-20b,OpenAI documents the model as 21B total parameters with 3.6B active parameters per token.
claude-opus-4.1,anthropic,claude-opus-4.1|opus4.1,2000,2000,estimated,low,Alan D. Thompson Models Table estimate for Claude Opus 4.1 (2T),https://lifearchitect.ai/models-table/,Third-party estimate; Anthropic does not publish model size.
claude-sonnet-4,anthropic,claude-sonnet-4|sonnet4,400,400,estimated,low,Alan D. Thompson Models Table estimate for Claude Sonnet 4.5 (400B) used as family proxy,https://lifearchitect.ai/models-table/,Family proxy used because a separate published estimate for Claude Sonnet 4 was not found.
claude-3.5-sonnet,anthropic,claude-3.5-sonnet|claude35sonnet|claude 3.5 sonnet,175,175,estimated,low,Claude 3.7 Sonnet external estimate reused as a family proxy for Claude 3.5 Sonnet,https://lifearchitect.ai/models-table/,Anthropic documents the model but does not publish a parameter count; the project reuses the closest available Sonnet-family estimate for screening-level extrapolation.
claude-3.7-sonnet,anthropic,claude-3.7-sonnet|claude37sonnet,175,175,estimated,low,Alan D. Thompson Models Table estimate for Claude 3.7 Sonnet (175B),https://lifearchitect.ai/models-table/,Third-party estimate; Anthropic does not publish model size.
claude-3.5-haiku,anthropic,claude-3.5-haiku|claude35haiku,22,22,estimated,low,Artificial Analysis size taxonomy for proprietary/open-weight classes; small class midpoint (4B–40B) used as screening estimate,https://artificialanalysis.ai/models/claude-3-5-haiku,Derived midpoint estimate because Anthropic does not publish the parameter count and no more specific external estimate was found.
gemini-2.5-pro,google,gemini-2.5-pro|gemini25pro,200,200,estimated,low,Alan D. Thompson Models Table estimate for Gemini 2.5 Pro (200B),https://lifearchitect.ai/models-table/,Third-party estimate; Google does not publish a parameter count for Gemini 2.5 Pro.
gemini-2.5-flash,google,gemini-2.5-flash|gemini25flash,80,80,estimated,low,Alan D. Thompson Models Table estimate for Gemini 2.5 Flash Preview (80B),https://lifearchitect.ai/models-table/,Family proxy used from the closest published Gemini 2.5 Flash estimate.
gemini-2.5-flash-lite,google,gemini-2.5-flash-lite|gemini25flashlite,30,30,estimated,low,Gemini 2.0 Flash exp estimate (30B) used as family proxy for Flash-Lite,https://lifearchitect.ai/models-table/,Family proxy used because a specific public parameter estimate for Gemini 2.5 Flash-Lite was not found.
gemini-2.0-flash,google,gemini-2.0-flash|gemini20flash,30,30,estimated,low,Alan D. Thompson Models Table estimate for Gemini 2.0 Flash exp (30B),https://lifearchitect.ai/models-table/,Third-party estimate; Google does not publish a parameter count for Gemini 2.0 Flash.
grok-4,xai,grok-4|grok4,600,600,estimated,low,Alan D. Thompson Models Table estimate for Grok 4 (600B),https://lifearchitect.ai/models-table/,Third-party estimate; xAI does not publish the parameter count.
ministral-3b,mistral,ministral-3b|ministral3b,3,3,observed,medium,Mistral model overview,https://docs.mistral.ai/getting-started/models/models_overview/,Model name publicly exposes the parameter count.
ministral-8b,mistral,ministral-8b|ministral8b,8,8,observed,medium,Mistral model overview,https://docs.mistral.ai/getting-started/models/models_overview/,Model name publicly exposes the parameter count.
mistral-large,mistral,mistral-large|mistral large|mistral-large-2|mistral large 2,123,123,observed,medium,Mistral Large 2 launch note,https://mistral.ai/news/mistral-large-2407/,Mistral documents Mistral Large 2 as a 123B-parameter model; this value is used as the closest public screening proxy for Mistral Large-family API scenarios.
mistral-small-3.1-24b,mistral,mistral-small-3.1-24b|mistralsmall31|mistral small 3.1 24b,24,24,observed,medium,Mistral model overview,https://docs.mistral.ai/getting-started/models/models_overview/,Model name publicly exposes the parameter count.
codestral-22b,mistral,codestral-22b|codestral22b,22,22,observed,medium,Mistral model overview,https://docs.mistral.ai/getting-started/models/models_overview/,Model name publicly exposes the parameter count.
qwen2.5-7b,alibaba,qwen2.5-7b|qwen25-7b|qwen 2.5 7b,7,7,observed,high,Qwen2.5 7B model card,https://huggingface.co/Qwen/Qwen2.5-7B-Instruct,Model card name publicly exposes the parameter count.
qwen2.5-32b,alibaba,qwen2.5-32b|qwen25-32b|qwen 2.5 32b,32,32,observed,high,Qwen2.5 32B model card,https://huggingface.co/Qwen/Qwen2.5-32B-Instruct,Model card name publicly exposes the parameter count.
qwen2.5-72b,alibaba,qwen2.5-72b|qwen25-72b|qwen 2.5 72b,72,72,observed,high,Qwen2.5 72B model card,https://huggingface.co/Qwen/Qwen2.5-72B-Instruct,Model card name publicly exposes the parameter count.
deepseek-v3,deepseek,deepseek-v3|deepseekv3,37,671,observed,high,DeepSeek-V3 model card,https://huggingface.co/deepseek-ai/DeepSeek-V3,Mixture-of-experts model with 37B active and 671B total parameters.
deepseek-r1,deepseek,deepseek-r1|deepseekr1,37,671,observed,high,DeepSeek-R1 model card,https://huggingface.co/deepseek-ai/DeepSeek-R1,The model card states that DeepSeek-R1 is based on DeepSeek-V3-Base.
